activity,business object,action,executing resource,org:resource,org:role,IT_relatedness,deterministic_following_activity,deterministic_preceding_activity,following_activities_standardization,preceding_activities_standardization,failure_rate,number_of_resources,ef_relative,median_execution_time,et_relative,stability
queued,missing,queued,missing,"-, Aaron, Adam, Agneta, Akanksha, Alain, Amir, Amit, Anandgiri, Anders, Andreas, Ann-Charlotte, Anna, Anson, Arun, Bartlomiej, Bharani, Brijesh, Britt, Bruno, Börje, Carlos, Carolyn, Cecilia, Celine, Charlotte, Christofer, Christopher, Clas, Craig, Curt, Cyril, Cyrille, Dan, Daniel, Danish, David, Deepa, Denis, Divyaprakash, Donna, Désirée, Earl, Edney, Elisabet, Els, Emil, Evane, Ewa, Francois, Frank, Frederic, Fredrik, Ganesh, Garima, Gitt, Grzegorz, Gunilla, Gunnar, Göran, Hannes, Hari, Henrik, Henrique, Hongjae, Ibrahim, Ing-Marie, Inge, Ingela, Ingemar, Inger, Ingmar, Jacek, Jan, Jaroslaw, Jayesh, Jenny, Jerry, Jiheung, Jihong, Joakim, Johan, John, Jonas, Jonathan, Joris, Juan, Kerri, Krzysztof, Kymaria, Lars, Laurent, Leif, Lena, Leszek, Linda, Lionel, Madelaine, Mahesh, Malin, Marcin, Maria, Marilyn, Martin, Maryse, Mathieu, Mats, Mattias, Mica, Mikael, Minhwan, Minnie, Mohsin, Morten, Mårten, Nicolas, Nigel, Niklas, Olivier, Patricia, Patrick, Patrik, Per, Per-Erik, Peter, Piotr, Pranesh, Prasad, Pratap, Praveen, Preeti, Rafal, Rajesh Kumar, Rakesh, Raul, Ricardo, Robert, Rune, Ryouhei, S, Sandra, Sandro, Sarah, Shankar, Shelly, Siddharth, Srinivasan, Stefan, Stephane, Stephen, Thiruvenkidam, Timothy, Tomas, Tony, Ulf, Ulrika, Valdir, Venguidoussamy, Vesa, Victor, Viktoria, Vinay, Vinodhkumar, Wallace, Ward, William, Yannick, Åsa","a2 1, a2 2, a2 3, a2 4, a2 5, c 1, c 2, c 3, c 4, c 5, c 6, c 7, d 1, d 2, e 1, e 10, e 2, e 3, e 4, e 5, e 6, e 7, e 8, v3 2, v3 3, v8 1, nan",1.0,False,True,0.0,1.0,1.6385767790262171,168,0.13138138138138408,7.33,0.03809799644859063,318.3274517619883
accepted,missing,accepted,missing,"-, Aaron, Abby, Abhimanyu, Abhinav, Abhishek, Adam, Aditi, Adriano, Agneta, Agnieszka, Agoritsa, Ahmad, Akanksha, Ala, Alain, Alam, Alan, Aleksandra, Alex, Alexander, Alice, Allan, Amar, Amir, Amit, Anandgiri, Anders, Andre, Andreas, Andres, Andrew, Andrzej, Andrés, Aneesh V, Anette, Anil, Anith, Ann, Ann-Charlotte, Anna, Anson, Antonio, Antony, Anup, Anurag, Aparna, Arnaud, Arne, Arun, Arvind, Ashok, Ashutosh, Ashwani, Ashwin, Asim, Asmita, Aurelien, Avinash, Avishek, Avvaru, Awneesh, Axel, Barbara, Bart, Bartlomiej, Bartosz, Beata, Bengt, Bertil, Bharani, Bharath, Bhavesh, Bhim, Bikshamaiah, Binod, Bjarne, Björn, Björn T, Bo, Bob, Brijesh, Britt, Bruno, Börje, Camilla, Carin, Carlos, Carolyn, Carrie, Cecilia, Celine, Cesar, Charlotta, Charlotte, Chew Khong, Chiranjeevi, Christer, Christian, Christofer, Christoffer, Christophe, Christopher, Christy, Claes, Clas, Craig, Curt, Cyril, Cyrille, Dag, Damian, Damien, Dan, Daniel, Daniel Alf, Danish, Danny, Darren, David, Dawid, Debashish, Deepa, Devakumar, Devashish, Dheeraj, Didier, Dieter, Dimitri, Donald, Donna, Dusan, Dweep, Désirée, Earl, Edo, Edward, Elisabet, Els, Emil, Emma, Eric, Erik, Eva, Eva-Lott, Evane, Ewa, Fabien, Fabrice, Fabricio, Febin, Florent, Franck, Freddy, Frederic, Fredrik, Gagan, Ganesh, Garima, Gaurav, Gerald, Gilles, Gitt, Giwan, Gladys, Gregory, Grzegorz, Gunilla, Gunnar, Gustaf, Gustav, Guy, Göran, Hannele, Hannes, Hans, Hans-Erik, Hari, Harikumar, Harshavardhan, Helena, Helene, Hemanth, Henrik, Hilde, Himanshu, Himmath, Hineesh, Hugo, Håkan, Ian, Ibrahim, Ikutoshi, Ilias, Ilton, Ing-Marie, Inge, Ingela, Ingemar, Inger, Ingmar, Ioannis, Irfan, Irshad, Ismael, J, Jacek, Jack, Jacob, Jakob, James, Jan, Jari, Jaroslaw, Jason, Jay, Jayalakshmi, Jeevitha, Jenny, Jens, Jerker, Jerome, Jian, Jiheung, Jimmy, Jinhyo, Jitender, Jo, Joachim, Joakim, Joanne, Johan, John, Johnny, Jolanta, Jon, Jonas, Jonathan, Jonny, Joram, Joris, Joseph, Joshua, Juan, Jubin, Juliano, Julien, Jun, Jurandir, Justyna, Jörgen, Jüri, Kalpesh, Kamal, Kamil, Kannan, Karel, Karin, Karl, Karrthik, Karthick, Katarina, Katarzyna, Kelly, Kennet, Kenneth, Kenny, Kent, Kerstin, Kevin, Kim, Kiran, Kjell, Klas, Klas-Ove, Komaraiah, Kranthi, Kristijan, Kristina, Kristoffer, Krystian, Krzysztof, KumarGuru, Kwewat, Kymaria, Kåre, Kåre_OLD, Larry, Lars, Lars-Erik, Lars-Olof, Lars-Ove, Laurens, Lauro, Leif, Lena, Lennart, Leszek, Liesbet, Linda, Lionel, Lisbeth, Lorre, Ludovic, Lukasz, M Humaira, MV, Maciej, Madelaine, Magnus, Mahesh, Maltesh, Manjunath, Manoj, Marc, Marcelo, Marcin, Marco, Marcus, Marek, Maria, Marie, Marie Anne, Marie-Aimee, Marijn, Marilyn, Mariusz, Markus, Marlene, Marta, Martin, Maryse, Mateusz, Mathieu, Matias, Mats, Matthew, Mattias, Mica, Michael, Michal, Michel, Mikael, Minnie, Miroslaw, Miroslawa, Mitchell, Mohsin, Morten, Murali, Mårten, Naga, Nagaraj, Nancy, Naomi, Neeraj, Nicky, Niclas, Nicolas, Nigel, Nikhil, Niklas, Nirmal, Nitesh, Noriaki, Nurhafiza, Ola, Olivier, Olle, Ove, P, Padmanabha, Pai, Pallav, Pamela, Panigrahy, Pankaj, Partha, Pascal, Patricia, Patrik, Paul, Paulina, Paulo, Pavan, Pawel, Peder, Pekka, Per, Per-Eric, Per-Erik, Per-Olof, Pernilla, Peter, Petrus, Piotr, Pontus, Pradeesh, Pranesh, Prasad, Prasanth, Prashant, Prashanth, Pratap, Praveen, Preeti, Pushkar, Pär, Radha, Radoslaw, Rafal, Rainer, Raja, Rajashekar, Rajendra, Rajesh Kumar, Rajkishore, Rakesh, Ralph, Ramith, Raphael, Raul, Ravi, Ray, Reine, Reinier, Renee, Reza, Ricardo, Richard, Rickard, Rijin, Rikard, Robert, Rodrigo, Roger, Rohan, Rohit, Roland, Ruchi, Rune, Ryouhei, SV, Sachin, Saikat, Saki, Sam, Sameer, Samira, Samuel, Sandra, Sandrine, Sandro, Santhosh, Santosh, Sara, Sarah, Sarath, Sarvesh, Sathish, Satish, Saurabh, Sean, Sebastian, Sebastien, Shaji, Shamal, Sheetal, Shery, Shibly, Shin, Siddarth, Siddharth, Sihyun, Sivakumar, Sofie, Somil, Sonu, Sree, Sreehari, Sreelesh, Sridhar, Srikanth, Srinivasa, Srinivasan, Sriram, Stefan, Sten-Åke, Stephane, Stephen, Steve, Steven, Stina, Suman, Sumesh, Sumit, Summy, Suresh, Surya, Susanne, Suzanne, Swaroopa, Swetha, Sylvie, Tadeusz, Takashi, Tamara, Tapan, Tarun, Thiago, Thierry, Thiruvenkidam, Thomas, Timothy, Tise, Tom, Tomas, Tomasz, Tommy, Tony, Torbjörn, Tord, Trevor, TulasiPrasad, Ulf, Ulrik, Ulrika, Umar, Umar Farooque, Urban, Vaibhav, Valdir, Valerie, Valter, Varun, Vasu, Veeraraghavendra, Venguidoussamy, Venkanna, Venkata, Venkatarami Reddy, Veronica, Veronique, Vesa, Victor, Victoria, Vikash, Vikingur, Vikrant, Viktoria, Vinay, Vincent, Vipin, Virginie, Vishal, Wallace, Ward, William, Wim, Y, Yann, Yannick, Yue, Yvonne, Åsa","a2 1, a2 2, a2 3, a2 4, a2 5, c 1, c 2, c 3, c 4, c 5, c 6, c 7, d 1, d 2, e 1, e 10, e 2, e 3, e 4, e 5, e 6, e 7, e 8, e 9, v3 1, v3 2, v3 3, nan",0.4268568158149719,False,False,0.0,0.0,2.8310901749663526,565,0.6316816816816262,3.93,0.6560215687206801,127.59803179068084
completed,missing,completed,missing,"-, Aaron, Abby, Abhinav, Adam, Aditi, Adriano, Agneta, Agoritsa, Ahmad, Ala, Alain, Alam, Alan, Aleksandra, Alex, Alexander, Alice, Allan, Amar, Amir, Amit, Anders, Andre, Andreas, Andres, Andrew, Aneesh V, Anette, Anil, Ann, Ann-Charlotte, Anna, Anson, Antony, Anup, Anurag, Aparna, Arnaud, Arun, Arvind, Ashutosh, Ashwani, Ashwin, Asim, Asmita, Avishek, Avvaru, Awneesh, Barbara, Bartlomiej, Bartosz, Beata, Bengt, Bertil, Bharath, Bhavesh, Bhim, Bikshamaiah, Binod, Bjarne, Björn, Björn T, Bob, Britt, Bruno, Börje, Carin, Carrie, Cecilia, Celine, Cesar, Charlotta, Charlotte, Chew Khong, Chiranjeevi, Christer, Christian, Christofer, Christoffer, Christophe, Christy, Claes, Curt, Cyril, Dag, Damian, Damien, Dan, Daniel, Daniel Alf, Danny, David, Dawid, Deepa, Devashish, Didier, Dieter, Dimitri, Donald, Dusan, Dweep, Désirée, Edward, Emil, Eric, Erik, Eva, Eva-Lott, Evane, Ewa, Fabien, Fabrice, Fabricio, Febin, Florent, Franck, Freddy, Frederic, Fredrik, Gagan, Garima, Gaurav, Gerald, Gilles, Gitt, Giwan, Gregory, Grzegorz, Gunilla, Gunnar, Gustav, Guy, Göran, Hannele, Hans, Hans-Erik, Hari, Harikumar, Harshavardhan, Helena, Helene, Hemanth, Henrik, Hilde, Himanshu, Himmath, Hineesh, Hugo, Håkan, Ikutoshi, Ilias, Ilton, Ing-Marie, Ingela, Ingemar, Ingmar, Ioannis, Irfan, Ismael, J, Jack, Jacob, Jakob, James, Jan, Jaroslaw, Jason, Jay, Jeevitha, Jenny, Jerome, Jian, Jiheung, Jimmy, Jitender, Jo, Joakim, Joanne, Johan, John, Johnny, Jolanta, Jon, Jonas, Jonathan, Joris, Joseph, Joshua, Juan, Jubin, Julien, Jun, Jurandir, Justyna, Jörgen, Jüri, Kamal, Kamil, Karel, Karin, Karl, Karrthik, Karthick, Katarina, Katarzyna, Kennet, Kenneth, Kenny, Kerstin, Kevin, Kim, Kiran, Kjell, Klas, Klas-Ove, Komaraiah, Kranthi, Kristijan, Kristina, Kristoffer, Krzysztof, KumarGuru, Kwewat, Kymaria, Kåre, Larry, Lars, Lars-Erik, Lars-Olof, Lars-Ove, Laurens, Lauro, Leif, Lena, Lennart, Liesbet, Linda, Lisbeth, Lorre, Ludovic, Lukasz, Maciej, Magnus, Mahesh, Maltesh, Manoj, Marc, Marcelo, Marcin, Marco, Marcus, Marek, Maria, Marie, Marie Anne, Marie-Aimee, Marijn, Marilyn, Mariusz, Markus, Marlene, Marta, Martin, Maryse, Matias, Mats, Matthew, Mattias, Mica, Michael, Michal, Michel, Mikael, Minnie, Miroslaw, Miroslawa, Mitchell, Mohsin, Murali, Nagaraj, Nancy, Neeraj, Nicky, Niclas, Nicolas, Nigel, Nikhil, Niklas, Nitesh, Noriaki, Ola, Olle, Ove, P, Pai, Pallav, Pamela, Panigrahy, Pascal, Patrik, Paul, Paulina, Pavan, Pawel, Peder, Pekka, Per, Per-Eric, Per-Erik, Per-Olof, Pernilla, Peter, Petrus, Piotr, Pontus, Pradeesh, Prasanth, Prashant, Pratap, Praveen, Preeti, Pär, Radoslaw, Rafal, Rainer, Rajendra, Rajesh Kumar, Rajkishore, Rakesh, Ralph, Ramith, Raphael, Raul, Ravi, Ray, Reine, Reinier, Renee, Reza, Richard, Rickard, Rijin, Robert, Roger, Rohan, Rohit, Roland, Ruchi, Rune, Ryouhei, Saikat, Saki, Sam, Sameer, Samira, Samuel, Sandrine, Santosh, Sara, Sarah, Sarath, Sathish, Satish, Saurabh, Sean, Sebastian, Sebastien, Severine, Shery, Shin, Sivakumar, Somil, Sonu, Sree, Sreehari, Sreelesh, Sridhar, Srinivasa, Sriram, Stefan, Stephane, Stephen, Steve, Steven, Suman, Sumit, Summy, Suresh, Susanne, Suzanne, Swaroopa, Swetha, Sylvie, Tadeusz, Takashi, Tamara, Tapan, Tarun, Thiago, Thierry, Thomas, Timothy, Tom, Tomas, Tomasz, Tommy, Tony, Torbjörn, Tord, Trevor, TulasiPrasad, Ulf, Urban, Vaibhav, Valdir, Valter, Varun, Veeraraghavendra, Venkanna, Venkata, Venkatarami Reddy, Veronique, Vesa, Vikash, Vikingur, Vikrant, Vinay, Vincent, Vipin, Virginie, Vishal, William, Wim, Yann, Yue, Yvonne, Åsa","a2 1, a2 2, a2 3, a2 4, a2 5, c 1, c 2, c 3, c 4, c 5, c 6, c 7, d 1, d 2, e 1, e 10, e 2, e 3, e 4, e 5, e 6, e 7, e 8, e 9, v3 1, v3 2, v3 3, nan",0.46806591749191284,False,True,0.0,1.0,1.054472091459314,438,0.23543543543543488,7213.09,0.3055933794369292,225.5334237027185
unmatched,missing,unmatched,missing,"Daniel, Gustav, Henrik, Joris, Jüri, Lars, Peter, Richard, Stefan, Veeraraghavendra","a2 1, a2 2, a2 3, c 6, e 3, nan",0.6647481322288513,False,False,2.0,0.0,1.0,10,0.0015015015015015017,521.47,0.0002870553938010152,6576.371041225293
